PriceDate,DLPH,AA,SYK,SSYS,CFMS,HPQ,ONVO,MGA,SPR,EIGI,ANSS,XONE,OA,TSLA,HXL,SGYP,CRS,SHLM,AXS,AJRD,ZBH,LMT,ADBE,VGR,AMAT,UTHR,ADSK,DDD
2017-01-03,2064240.0,2746634.0,1831460.0,1901558.0,323728.0,12502230.0,1773198.0,833558.0,909104.0,1289575.0,345582.0,165791.0,657832.0,5923254.0,480170.0,6163434.0,286163.0,223850.0,636122.0,427380.0,1381230.0,1667668.0,2277933.0,845005.35,13209441.0,644463.0,1896507.0,1860081.0
2017-01-04,2476458.0,3339520.0,1504802.0,1007759.0,224836.0,9127833.0,2072612.0,1346736.0,1326963.0,832995.0,427463.0,239332.0,674598.0,11213471.0,571026.0,9082587.0,257176.0,269875.0,391740.0,450044.0,1502751.0,1077649.0,1712583.0,2365592.25,9460624.0,646448.0,1889516.0,2072327.0
2017-01-05,1989439.0,2444552.0,1772185.0,560690.0,236993.0,13221052.0,1161894.0,898399.0,1133927.0,575069.0,433757.0,134937.0,285858.0,5911695.0,1114405.0,8748981.0,235421.0,204018.0,404678.0,318066.0,1453888.0,1279448.0,2504772.0,1151106.6,7290175.0,552068.0,1368229.0,2275564.0
2017-01-06,1424625.0,2086333.0,2464191.0,446386.0,138890.0,7494227.0,1120946.0,862433.0,850931.0,367485.0,528600.0,101364.0,232885.0,5527893.0,772386.0,3969780.0,295851.0,289757.0,578716.0,275377.0,1820999.0,1246437.0,2626352.0,556459.05,7063604.0,489923.0,1587682.0,1676883.0
2017-01-09,2534670.0,4205059.0,1355726.0,1121163.0,176665.0,12909046.0,1261502.0,938348.0,1229177.0,407629.0,370916.0,227443.0,494139.0,3979484.0,738567.0,5052936.0,370764.0,309144.0,544896.0,205804.0,1163298.0,1067126.0,2925379.0,507045.0,9271782.0,565956.0,1489060.0,13617628.0
2017-01-10,2725437.0,3824409.0,2310404.0,1242041.0,177415.0,15888327.0,1319665.0,1450124.0,560099.0,948620.0,559850.0,147859.0,425448.0,3659955.0,375256.0,4835101.0,564506.0,679182.0,852494.0,326325.0,3973411.0,1146353.0,3080998.0,897153.6,8753286.0,706760.0,1796204.0,4670527.0
2017-01-11,3085929.0,3068269.0,3140919.0,506325.0,127067.0,15009251.0,2006802.0,1672771.0,677471.0,428579.0,575430.0,106094.0,492002.0,3650825.0,777904.0,5186617.0,500777.0,447211.0,481394.0,488030.0,2484963.0,1613810.0,1783953.0,308028.0,10620118.0,1058311.0,1764535.0,2828971.0
2017-01-12,1652552.0,4521704.0,1417455.0,419296.0,93053.0,11507926.0,1249692.0,1121338.0,786765.0,537391.0,447109.0,116102.0,300079.0,3790229.0,646146.0,4491967.0,302283.0,293085.0,323749.0,439665.0,1546694.0,1153409.0,1617882.0,381192.0,6484120.0,726159.0,1646368.0,2716959.0
2017-01-13,1466505.0,3026712.0,1665234.0,593356.0,165229.0,9336199.0,970477.0,1102469.0,654366.0,372969.0,360698.0,105452.0,201970.0,6092960.0,352731.0,3163411.0,247277.0,249229.0,298065.0,298525.0,1034388.0,1162023.0,1594154.0,593285.7,6911166.0,649742.0,1667539.0,3603419.0
2017-01-17,1961276.0,1382009.0,1923857.0,620249.0,100072.0,11976835.0,1603517.0,1840810.0,1905681.0,768489.0,486845.0,87707.0,239028.0,4617522.0,367314.0,5067343.0,235759.0,216827.0,375568.0,324597.0,1242217.0,1431482.0,1697769.0,1452276.0,6428559.0,490700.0,2403471.0,2180184.0
2017-01-18,1763040.0,6420118.0,1195539.0,489000.0,110963.0,13664983.0,959929.0,1886672.0,1111314.0,214241.0,390328.0,109129.0,198246.0,3768967.0,610176.0,3808318.0,529994.0,191689.0,292326.0,648344.0,902359.0,925341.0,2537255.0,2319754.5,10609448.0,797258.0,1676898.0,2511477.0
2017-01-19,1864441.0,5050105.0,1016056.0,952040.0,180382.0,15081845.0,791697.0,1766372.0,1200831.0,390325.0,467460.0,153426.0,423255.0,7732303.0,673840.0,4580935.0,252715.0,483188.0,441295.0,638283.0,934646.0,1076458.0,3090902.0,584460.45,8333520.0,632140.0,1498045.0,8388903.0
2017-01-20,2079379.0,5330864.0,1196611.0,721827.0,169183.0,14687037.0,793259.0,1175324.0,688012.0,227321.0,350403.0,149588.0,196098.0,4204275.0,460071.0,20115105.0,285012.0,322961.0,357737.0,241981.0,1401788.0,1184433.0,3179186.0,507757.95,8571730.0,534903.0,6042539.0,3280723.0
2017-01-23,1818570.0,5245003.0,1391688.0,622352.0,201062.0,15250469.0,1007636.0,1207458.0,936732.0,647565.0,248799.0,190639.0,212471.0,6262938.0,472745.0,6194416.0,221381.0,260486.0,270095.0,189339.0,1369725.0,1606287.0,2574228.0,451414.95,7254438.0,986958.0,1204968.0,2262256.0
2017-01-24,2558164.0,11911148.0,1546496.0,696172.0,286716.0,12369680.0,1059479.0,1376874.0,1162347.0,278691.0,479826.0,150420.0,241275.0,4965451.0,454835.0,7105022.0,482695.0,363508.0,349477.0,482959.0,1336273.0,2984999.0,3654774.0,658924.35,9702805.0,548739.0,1814753.0,2323002.0
2017-01-25,1969960.0,13583342.0,2562291.0,700287.0,412894.0,16223333.0,2239017.0,1326560.0,1258838.0,475229.0,289679.0,127086.0,295202.0,5146361.0,1055430.0,6642324.0,285658.0,325260.0,350562.0,327137.0,1485205.0,2329854.0,4116861.0,630537.6,12230219.0,660797.0,1880649.0,2214787.0
2017-01-26,2068443.0,5735412.0,1891565.0,456561.0,111320.0,14419181.0,1001933.0,1057116.0,1299244.0,192506.0,265840.0,134649.0,246116.0,3152123.0,1255216.0,7884171.0,259172.0,324046.0,416437.0,556119.0,1147575.0,1956738.0,2745739.0,544341.0,9375456.0,709071.0,1515815.0,2132203.0
2017-01-27,2386096.0,3618336.0,1497598.0,387836.0,117945.0,14921530.0,718722.0,906559.0,891136.0,173796.0,242072.0,78448.0,263637.0,3166336.0,1112932.0,10150513.0,334385.0,176888.0,324233.0,245081.0,1213179.0,2597749.0,1696857.0,615721.05,11055855.0,864237.0,1487100.0,1235204.0
2017-01-30,2316389.0,3002400.0,1249298.0,564942.0,147336.0,11239675.0,1008463.0,1740376.0,903673.0,420072.0,351747.0,200600.0,351280.0,3801074.0,944201.0,12428645.0,275342.0,242749.0,305474.0,318332.0,2850628.0,1537362.0,2176539.0,712608.75,11183818.0,521096.0,1976275.0,1902284.0
2017-01-31,2787714.0,2690280.0,1148541.0,437728.0,148741.0,14889607.0,1212260.0,1110149.0,1669448.0,595018.0,422692.0,109480.0,325049.0,4116104.0,847833.0,19019917.0,305694.0,270151.0,567762.0,201474.0,2962984.0,1276311.0,1716649.0,891578.1,9468804.0,627492.0,1249458.0,1773211.0
2017-02-01,2033157.0,2905397.0,1586901.0,559777.0,104856.0,12433763.0,957701.0,1050918.0,3304297.0,515728.0,424032.0,81163.0,283840.0,3958829.0,465746.0,22729202.0,534140.0,260043.0,789138.0,252294.0,1461410.0,1210386.0,1859067.0,673568.7,15244891.0,748910.0,1440878.0,1838491.0
2017-02-02,5061784.0,5049682.0,1330908.0,416836.0,200861.0,15599575.0,733273.0,832342.0,2038065.0,175077.0,474086.0,70279.0,308379.0,2499775.0,501447.0,9133809.0,866420.0,133208.0,1469081.0,461720.0,1685659.0,1045748.0,1695789.0,578810.4,7517981.0,547608.0,1117014.0,2179291.0
2017-02-03,2064006.0,5243335.0,985962.0,588718.0,278830.0,11659495.0,1078438.0,1220958.0,1599631.0,130836.0,523917.0,92532.0,241321.0,2186723.0,1187175.0,4822070.0,590866.0,181278.0,789449.0,233291.0,1019068.0,1803657.0,2507874.0,785860.95,8560301.0,601054.0,1822421.0,1699708.0
2017-02-06,1473401.0,2833872.0,1171320.0,488813.0,125687.0,7975431.0,1493147.0,759382.0,1125058.0,148712.0,388211.0,107677.0,221308.0,3562517.0,663629.0,5798802.0,423436.0,208001.0,607672.0,199044.0,1075180.0,980820.0,3067477.0,542125.5,5877077.0,471767.0,1925015.0,1446806.0
2017-02-07,2314163.0,3269994.0,1726431.0,542201.0,178059.0,12330319.0,1605335.0,1024923.0,1742210.0,299646.0,415923.0,85757.0,130472.0,4244775.0,541345.0,5636036.0,331594.0,148852.0,543912.0,371612.0,800086.0,977790.0,1643454.0,590716.35,8155222.0,384856.0,2975440.0,1576427.0
2017-02-08,1648938.0,3121713.0,689562.0,533202.0,147922.0,13204263.0,887131.0,914609.0,849196.0,365567.0,273366.0,115507.0,239013.0,3933014.0,601443.0,4247138.0,288985.0,175208.0,405550.0,384293.0,1010993.0,973415.0,2591686.0,620929.05,8735864.0,526986.0,2182342.0,1446596.0
2017-02-09,1893570.0,3392385.0,1492652.0,1030904.0,145343.0,7709448.0,1724524.0,1219323.0,948760.0,241212.0,325429.0,155074.0,428524.0,7820222.0,600469.0,3540364.0,409574.0,158573.0,524130.0,401205.0,1001989.0,869679.0,1688862.0,591505.95,6515495.0,512648.0,1808434.0,2269667.0
2017-02-10,1674515.0,3629116.0,842225.0,1113441.0,176238.0,10006365.0,5609809.0,1088603.0,501928.0,572076.0,485038.0,123328.0,352419.0,3619739.0,843543.0,4755696.0,293506.0,86412.0,428249.0,175620.0,780506.0,749403.0,2612905.0,293490.75,11636382.0,235084.0,1695088.0,1679676.0
2017-02-13,2303247.0,5366057.0,1121244.0,953385.0,117260.0,16142564.0,3475452.0,1538132.0,1136031.0,366106.0,473256.0,73473.0,314340.0,7029605.0,611862.0,3133112.0,351078.0,82865.0,230507.0,274132.0,659936.0,906759.0,1910382.0,469914.9,11900268.0,230391.0,4004607.0,2165277.0
2017-02-14,1817607.0,3818607.0,1125201.0,720148.0,327140.0,17086210.0,3291516.0,1004001.0,709990.0,532786.0,469530.0,161606.0,157874.0,7345224.0,377867.0,3156492.0,259425.0,100853.0,373288.0,178161.0,1129794.0,824197.0,1556662.0,839252.4,9956599.0,307550.0,4043480.0,1460114.0
2017-02-15,1320792.0,11488878.0,1039023.0,871362.0,843540.0,14448341.0,1923381.0,878394.0,949582.0,1033244.0,453787.0,69736.0,233304.0,4947856.0,437507.0,3218936.0,187717.0,92622.0,462285.0,171568.0,1160216.0,1063803.0,1699561.0,1018094.7,17409981.0,328850.0,2200824.0,1645082.0
2017-02-16,1508095.0,7040708.0,887602.0,768136.0,5403426.0,12560613.0,1594362.0,1091721.0,962081.0,1585524.0,590540.0,93233.0,192252.0,7077322.0,476648.0,6147782.0,535717.0,103268.0,364632.0,205819.0,1490726.0,859021.0,1649517.0,518248.5,21684867.0,470839.0,1830356.0,2318069.0
2017-02-17,1479884.0,4516838.0,863137.0,531380.0,1570259.0,17366721.0,1245954.0,944960.0,631683.0,1118180.0,550025.0,106942.0,181240.0,6257149.0,397074.0,4808205.0,222692.0,104607.0,241624.0,360177.0,1220881.0,882742.0,2143337.0,570434.55,14892760.0,324190.0,1816273.0,2149146.0
2017-02-21,1423790.0,3393391.0,1358184.0,856830.0,916541.0,17318051.0,1288794.0,1173498.0,1275281.0,1037338.0,552541.0,318659.0,276551.0,5676747.0,558251.0,5128771.0,228580.0,66583.0,384498.0,302255.0,1495848.0,957257.0,2032259.0,785496.6,13814798.0,600413.0,1910450.0,1681066.0
2017-02-22,2306079.0,2587865.0,805991.0,463038.0,526459.0,16654221.0,1543081.0,1067300.0,439887.0,582238.0,603226.0,137979.0,346803.0,8754975.0,646438.0,4243902.0,678124.0,76059.0,467488.0,231901.0,1327892.0,712715.0,1982071.0,948451.35,10380015.0,1620783.0,1350021.0,1532576.0
2017-02-23,2061160.0,7139960.0,1082819.0,599251.0,654942.0,37118842.0,1003850.0,1233236.0,1275402.0,1148264.0,1203389.0,157441.0,223250.0,14915249.0,302135.0,9691303.0,580832.0,123973.0,371901.0,185186.0,1463677.0,1008277.0,2382433.0,561799.35,7852525.0,1092403.0,1367978.0,1451279.0
2017-02-24,2683923.0,5763834.0,770746.0,599067.0,458246.0,19816072.0,960902.0,4550042.0,1334227.0,2359015.0,627896.0,109107.0,280025.0,8171626.0,570433.0,5209604.0,243888.0,74274.0,419153.0,164512.0,990259.0,929225.0,1942492.0,569201.85,7505777.0,414114.0,1370189.0,1657665.0
2017-02-27,1761129.0,3898368.0,1005613.0,458545.0,300355.0,12287497.0,1571714.0,2313010.0,966776.0,1303748.0,825036.0,83521.0,532455.0,11460810.0,713374.0,7841449.0,260589.0,193843.0,490784.0,592694.0,1578240.0,1500444.0,1550480.0,486305.4,6491371.0,873113.0,1535237.0,2682113.0
2017-02-28,1939023.0,4034102.0,1196762.0,1172827.0,643980.0,13940117.0,1116972.0,1279909.0,1450280.0,956387.0,837422.0,156529.0,753456.0,6078145.0,680877.0,6709232.0,315010.0,179705.0,1310100.0,401605.0,1244188.0,2049434.0,2008016.0,1245328.35,8585589.0,944803.0,1973196.0,9034755.0
2017-03-01,2419249.0,10564474.0,1271982.0,580799.0,458661.0,9818715.0,967229.0,1290170.0,1476482.0,910839.0,794775.0,119101.0,304325.0,4809488.0,917016.0,4775377.0,354684.0,185356.0,896841.0,397525.0,1101843.0,1125601.0,2356481.0,812189.7,7298251.0,1128600.0,2501887.0,4004558.0
2017-03-02,1918533.0,5099275.0,940446.0,646934.0,368580.0,12229182.0,1187406.0,1076303.0,1260098.0,445478.0,987139.0,119359.0,338502.0,3351833.0,489323.0,7487478.0,348705.0,77725.0,466461.0,1846046.0,772240.0,954181.0,1819664.0,2949331.35,7854762.0,504550.0,4309355.0,2392203.0
2017-03-03,1256898.0,3237996.0,1133782.0,539423.0,459414.0,14165479.0,928835.0,825470.0,963707.0,1217158.0,481247.0,148875.0,243383.0,2923168.0,622337.0,4552278.0,285699.0,98691.0,545214.0,740746.0,708081.0,771825.0,1361060.0,1431541.65,7244148.0,358554.0,4616970.0,2007860.0
2017-03-06,1555853.0,5764024.0,1373343.0,754687.0,432462.0,11162544.0,1389859.0,796650.0,885138.0,643986.0,472689.0,125225.0,178593.0,3352437.0,504676.0,3517306.0,281080.0,113296.0,588729.0,733207.0,851735.0,778290.0,1979700.0,1254065.4,8645805.0,529220.0,2571427.0,1886377.0
2017-03-07,1247033.0,3752024.0,1709103.0,573788.0,461548.0,11465825.0,1045146.0,1076122.0,553993.0,793984.0,732482.0,182618.0,423714.0,3450502.0,380970.0,3266557.0,242912.0,116821.0,448113.0,518380.0,887630.0,884209.0,1805340.0,1286251.05,7781833.0,492949.0,2291213.0,1786335.0
2017-03-08,1074169.0,4484104.0,650980.0,1218337.0,333368.0,6745670.0,887225.0,825618.0,989289.0,606623.0,396651.0,192957.0,782149.0,3725341.0,449202.0,3712791.0,306324.0,123870.0,666962.0,322520.0,904813.0,820051.0,2963007.0,884175.6,8024705.0,487658.0,2235219.0,2006706.0
2017-03-09,1023690.0,4826219.0,1023278.0,2523093.0,314287.0,8505286.0,1267803.0,688626.0,593429.0,638876.0,317669.0,154095.0,551985.0,3862428.0,394373.0,5423774.0,285319.0,183851.0,423229.0,382451.0,1116468.0,729406.0,1984205.0,806055.6,8492407.0,341793.0,1935715.0,2005396.0
2017-03-10,1223264.0,4051555.0,1513327.0,1063673.0,603045.0,7840676.0,812296.0,933321.0,921480.0,365265.0,315691.0,159118.0,431234.0,3057604.0,480646.0,5693674.0,326393.0,136522.0,474545.0,293544.0,1409366.0,687243.0,2210973.0,577949.4,11464812.0,721043.0,2403042.0,2435440.0
2017-03-13,4101262.0,2461393.0,1334335.0,1122643.0,249752.0,6966599.0,824298.0,1042467.0,903203.0,606436.0,457487.0,136455.0,247803.0,3010687.0,351718.0,4117354.0,269039.0,80810.0,433472.0,472938.0,1630847.0,721091.0,1786438.0,503941.2,8832766.0,658744.0,2407244.0,1539065.0
2017-03-14,2752616.0,3112199.0,1487209.0,871133.0,197348.0,6333857.0,547967.0,876347.0,940644.0,601282.0,250547.0,95878.0,245192.0,7578437.0,581140.0,3967024.0,200601.0,89907.0,465838.0,378152.0,961606.0,701640.0,1507510.0,910036.05,9646565.0,595664.0,1396024.0,2230897.0
2017-03-15,2753781.0,3753384.0,1110737.0,604810.0,264584.0,10696063.0,1200753.0,1445400.0,704727.0,736798.0,489182.0,143566.0,461847.0,5163452.0,348721.0,6374072.0,427394.0,366824.0,543886.0,589671.0,1016267.0,748495.0,2393866.0,1170928.5,9370783.0,555605.0,2365841.0,2063989.0
2017-03-16,2161605.0,3644271.0,1675128.0,474735.0,366764.0,8987052.0,768370.0,850081.0,523896.0,590289.0,217661.0,159992.0,277865.0,7122699.0,388131.0,3908544.0,662502.0,156097.0,536116.0,449052.0,1081374.0,962407.0,3857930.0,782775.0,8258375.0,887715.0,8109096.0,1344328.0
2017-03-17,2182065.0,3825777.0,2050601.0,684329.0,1198195.0,14278097.0,2195109.0,1222508.0,951294.0,913043.0,628371.0,547805.0,585110.0,6476909.0,735477.0,22321722.0,1357417.0,440195.0,789929.0,1887949.0,2289891.0,2126949.0,8743513.0,1922123.7,11011568.0,1193271.0,2441999.0,1742976.0
2017-03-20,1649457.0,2688823.0,713407.0,673425.0,356146.0,8315825.0,1046125.0,1226765.0,646161.0,532206.0,325413.0,215822.0,285372.0,3598195.0,332868.0,4770603.0,438209.0,192946.0,500081.0,418080.0,1335670.0,1323800.0,3294840.0,1734280.8,6828597.0,317011.0,1185595.0,1410127.0
2017-03-21,2386030.0,4538596.0,962475.0,860494.0,477910.0,9586125.0,1089773.0,1885351.0,612252.0,749499.0,436223.0,162724.0,417517.0,6894019.0,613320.0,12621391.0,473683.0,221167.0,498526.0,544936.0,1336185.0,1355639.0,3071165.0,948441.9,13478457.0,443047.0,2554570.0,2119481.0
2017-03-22,2964233.0,2877915.0,789242.0,736592.0,270991.0,10651778.0,1041381.0,1392362.0,385278.0,798517.0,219720.0,177856.0,263002.0,4056072.0,349272.0,9375431.0,223817.0,183280.0,448764.0,519842.0,1005485.0,1020740.0,3476377.0,1221838.8,9047221.0,416432.0,1566684.0,2982064.0
2017-03-23,1499498.0,3071973.0,1247889.0,568167.0,232126.0,9156921.0,569212.0,1081844.0,440195.0,303188.0,383126.0,146913.0,227888.0,3300994.0,375845.0,7180718.0,207985.0,175019.0,358147.0,353886.0,999707.0,803792.0,2197156.0,1731098.25,6900445.0,427834.0,2230411.0,1986508.0
2017-03-24,1580449.0,4110049.0,1236950.0,336468.0,186320.0,6633816.0,698770.0,911584.0,588810.0,387318.0,375849.0,112244.0,305025.0,5626389.0,253583.0,4877586.0,158688.0,152669.0,386565.0,455442.0,716485.0,870478.0,3043952.0,911770.65,9058203.0,386334.0,2058291.0,1220040.0
2017-03-27,1548013.0,3654156.0,698186.0,433165.0,219382.0,5698088.0,978017.0,1346029.0,494914.0,487853.0,439313.0,94436.0,291938.0,6219244.0,370298.0,10605085.0,199063.0,182338.0,383621.0,280535.0,1450144.0,994382.0,2424181.0,721950.6,6819112.0,348830.0,1774159.0,1280980.0
2017-03-28,1264353.0,4036518.0,749309.0,339718.0,236477.0,8741413.0,730228.0,1340901.0,585568.0,968074.0,419376.0,134147.0,229716.0,7976460.0,217033.0,7974576.0,181709.0,240464.0,349551.0,549498.0,885872.0,1021275.0,2213163.0,840988.05,7921706.0,317231.0,1086768.0,1318955.0
2017-03-29,780724.0,2611703.0,1359789.0,493246.0,175632.0,5477391.0,849951.0,939670.0,468452.0,577919.0,453479.0,146032.0,198359.0,3670269.0,333054.0,4053655.0,243252.0,256043.0,421181.0,232658.0,507427.0,813863.0,2269816.0,501776.1,6404364.0,427457.0,1841468.0,2003365.0
2017-03-30,1000096.0,7117881.0,607666.0,549932.0,148848.0,10804044.0,688471.0,941427.0,889653.0,536869.0,313718.0,126900.0,300586.0,4139715.0,532718.0,6314532.0,235030.0,271346.0,336710.0,303655.0,526405.0,562282.0,2204940.0,1082561.55,5991386.0,810229.0,945650.0,2157793.0
2017-03-31,1736969.0,5186604.0,753726.0,662675.0,169990.0,19240048.0,1013690.0,1062877.0,657032.0,365358.0,308546.0,149021.0,234041.0,3290375.0,640857.0,4121010.0,411211.0,543093.0,321110.0,1528537.0,860865.0,1213427.0,2086195.0,744875.25,8564667.0,978379.0,1251551.0,2190820.0
2017-04-03,2432890.0,4204158.0,998384.0,456631.0,163138.0,10538188.0,629589.0,1609840.0,658668.0,730642.0,486615.0,148120.0,267132.0,13855159.0,592923.0,4604764.0,266350.0,332589.0,327016.0,711043.0,971768.0,799096.0,2336774.0,478788.45,7165103.0,2115024.0,2478577.0,2136927.0
2017-04-04,3037508.0,2297037.0,711124.0,423474.0,259388.0,6781147.0,854466.0,2200728.0,473383.0,1735982.0,396086.0,151363.0,248443.0,10104948.0,276843.0,3931582.0,268643.0,591744.0,374982.0,805122.0,577001.0,567974.0,2021696.0,712742.1,7233510.0,718959.0,1497090.0,1612475.0
2017-04-05,2510687.0,4016124.0,669161.0,453576.0,291248.0,10309508.0,707056.0,2166234.0,976370.0,564191.0,389838.0,271854.0,255325.0,7842518.0,332561.0,5890050.0,328471.0,593012.0,363095.0,400121.0,783901.0,949276.0,2805819.0,661901.1,6895912.0,682786.0,1885286.0,1733300.0
2017-04-06,2094308.0,3626831.0,752546.0,426163.0,151306.0,8367840.0,729793.0,1988644.0,564860.0,641582.0,238512.0,152681.0,203092.0,5516744.0,195663.0,12710192.0,175968.0,416055.0,426388.0,356298.0,885907.0,740487.0,1890743.0,628083.75,7158864.0,790118.0,1793653.0,1170821.0
2017-04-07,1537637.0,3669729.0,867898.0,371375.0,212063.0,13464895.0,597107.0,1644780.0,428686.0,1010903.0,383458.0,126083.0,393893.0,4544199.0,454374.0,7948767.0,174111.0,289583.0,464551.0,608311.0,436757.0,1020717.0,2287623.0,463043.7,6314603.0,571865.0,1920449.0,1146366.0
2017-04-10,1098718.0,2573791.0,761175.0,703544.0,180964.0,6694126.0,581646.0,883363.0,444412.0,484870.0,239592.0,117157.0,197739.0,7640038.0,319833.0,7022090.0,145419.0,182604.0,359592.0,421730.0,456325.0,788766.0,2233101.0,409671.15,7339627.0,437047.0,1292762.0,949190.0
2017-04-11,1910257.0,3140817.0,772728.0,380728.0,158355.0,14390833.0,851775.0,1793194.0,512649.0,490176.0,348481.0,127895.0,396255.0,5716338.0,390878.0,5066775.0,258086.0,294211.0,382292.0,325673.0,496619.0,742986.0,2325990.0,607440.75,10543271.0,737160.0,1361072.0,2040566.0
2017-04-12,2812047.0,7591056.0,997947.0,486889.0,140370.0,19363850.0,2039150.0,1877273.0,653597.0,642248.0,283488.0,55841.0,318998.0,6038172.0,446885.0,7310519.0,234967.0,290050.0,339048.0,483616.0,657459.0,955278.0,2106144.0,508460.4,6801724.0,424837.0,2405480.0,2106627.0
2017-04-13,1150896.0,6139205.0,758716.0,398920.0,152509.0,12699444.0,1292351.0,1266856.0,661097.0,457777.0,207071.0,65640.0,215147.0,9272087.0,510604.0,7116168.0,256375.0,275190.0,429701.0,261451.0,688388.0,763500.0,1814922.0,539479.5,5746705.0,351124.0,1970309.0,1416091.0
2017-04-17,1349177.0,4097172.0,1606851.0,405310.0,95189.0,8213848.0,985500.0,1059540.0,605410.0,615307.0,205844.0,151271.0,226173.0,4108850.0,758281.0,5192336.0,351910.0,200616.0,353873.0,293701.0,555658.0,811635.0,1395407.0,1307717.25,5240990.0,440022.0,1191298.0,1520380.0
2017-04-18,1214475.0,5018553.0,792759.0,3138814.0,141163.0,10177080.0,1916039.0,1722120.0,557271.0,948816.0,234974.0,137380.0,330640.0,3033769.0,517122.0,5301820.0,195311.0,168466.0,417383.0,489009.0,953037.0,762855.0,1499914.0,502793.55,6041462.0,365643.0,1321886.0,3011921.0
2017-04-19,1440644.0,2464229.0,1019085.0,1340897.0,194762.0,12199837.0,992683.0,1597557.0,1169921.0,619273.0,271026.0,78873.0,203656.0,3890386.0,555551.0,4658511.0,249122.0,124185.0,290836.0,948795.0,797483.0,816625.0,2006922.0,885977.4,13393374.0,511422.0,2375609.0,2032470.0
2017-04-20,2289422.0,5429541.0,972801.0,1228592.0,264159.0,6785494.0,711265.0,1751585.0,1348851.0,397830.0,175436.0,170080.0,216988.0,6138969.0,1950665.0,3445293.0,293767.0,290107.0,315529.0,421837.0,833455.0,813808.0,2004047.0,523146.75,9402361.0,663914.0,1594459.0,1811341.0
2017-04-21,1532163.0,5041860.0,943088.0,718339.0,229375.0,9952925.0,707250.0,1066145.0,752086.0,355897.0,210883.0,92967.0,161078.0,4489925.0,737994.0,3899746.0,203473.0,175470.0,233135.0,452016.0,814241.0,955483.0,1903996.0,568859.55,8750211.0,828399.0,2110623.0,1116386.0
2017-04-24,2619181.0,7808968.0,1300338.0,1071243.0,198875.0,7925100.0,689103.0,1050222.0,613073.0,368212.0,225543.0,129592.0,172325.0,5076632.0,806310.0,2886885.0,180658.0,205005.0,298718.0,615372.0,903206.0,1096937.0,1845335.0,758860.2,6925333.0,801657.0,2439751.0,1277698.0
2017-04-25,2044658.0,11182642.0,1479560.0,694627.0,308808.0,10395389.0,608139.0,1402831.0,620101.0,384652.0,265129.0,243564.0,173125.0,6729011.0,902033.0,5474631.0,566934.0,264270.0,384530.0,571453.0,1075515.0,2961290.0,2501712.0,596390.55,7232773.0,661360.0,1760749.0,1599901.0
2017-04-26,2177286.0,7369436.0,2295376.0,1013590.0,390357.0,7923695.0,720153.0,2134803.0,667524.0,613286.0,306652.0,208212.0,193128.0,4546932.0,486894.0,3614314.0,618098.0,325119.0,429619.0,389346.0,1744986.0,1475634.0,1634226.0,841141.35,5494794.0,1377643.0,1615680.0,2284026.0
2017-04-27,1718419.0,14770671.0,995341.0,733104.0,136764.0,9193686.0,573423.0,1278271.0,686005.0,364552.0,211815.0,191563.0,196046.0,3456298.0,801266.0,3546671.0,578539.0,132439.0,734618.0,454123.0,5906553.0,953765.0,1657995.0,606254.25,8297817.0,950442.0,1168152.0,1504400.0
2017-04-28,1611442.0,5239658.0,1533394.0,536776.0,207805.0,7956612.0,742695.0,1427441.0,476819.0,437928.0,268892.0,99628.0,299377.0,4467298.0,719967.0,2888231.0,486012.0,183969.0,546290.0,277696.0,2363715.0,1003849.0,1749243.0,636462.75,9207884.0,1090848.0,1627033.0,1178076.0
2017-05-01,1345346.0,4984140.0,852066.0,604088.0,219997.0,7958614.0,1769476.0,1308511.0,962954.0,769421.0,348165.0,53974.0,372757.0,8814161.0,845029.0,3015303.0,247073.0,164688.0,276827.0,207890.0,2195741.0,841671.0,1809678.0,552962.55,7426241.0,584076.0,1844510.0,1494338.0
2017-05-02,2928640.0,3882368.0,1271391.0,703090.0,152395.0,10921530.0,942875.0,2740396.0,1351747.0,769578.0,220861.0,74670.0,420764.0,5312065.0,473844.0,3364515.0,285829.0,149496.0,355284.0,234270.0,1160130.0,732041.0,2692210.0,521939.25,6941020.0,682927.0,1703732.0,2670372.0
2017-05-03,11838434.0,7329832.0,733975.0,1024575.0,255557.0,6996230.0,635546.0,1970138.0,3723501.0,533563.0,665643.0,129507.0,385048.0,6782289.0,375713.0,3589170.0,346366.0,91785.0,294912.0,352002.0,1084198.0,636503.0,1970736.0,415128.0,5665780.0,383288.0,2249047.0,2246689.0
2017-05-04,4426188.0,7907304.0,1038367.0,1209750.0,189246.0,7204792.0,713416.0,2073697.0,1989047.0,917518.0,1374989.0,120281.0,186141.0,14067784.0,644371.0,3531413.0,343243.0,130416.0,462734.0,164683.0,2344086.0,691113.0,1808689.0,652163.4,5016601.0,331620.0,1493742.0,5653904.0
2017-05-05,3122033.0,4168916.0,710565.0,773659.0,209421.0,11897921.0,736830.0,1292476.0,1148096.0,514287.0,650393.0,156320.0,270543.0,8089139.0,523288.0,4755515.0,275810.0,215499.0,355807.0,194837.0,1501149.0,812311.0,1845506.0,874952.4,4748014.0,480133.0,2147594.0,3778825.0
2017-05-08,2499569.0,3780882.0,747589.0,806264.0,198206.0,10053252.0,549433.0,1099186.0,839414.0,557678.0,471371.0,260822.0,206233.0,7000088.0,717457.0,3958095.0,188983.0,239351.0,439636.0,187336.0,1233047.0,674829.0,1580561.0,857559.15,6342415.0,483104.0,1313377.0,9303199.0
2017-05-09,1940993.0,3414494.0,927098.0,1169706.0,272976.0,6673582.0,439135.0,1386293.0,1807151.0,300507.0,328494.0,205543.0,207407.0,9614526.0,622586.0,6817613.0,225325.0,123709.0,418241.0,915339.0,1453842.0,897801.0,1688855.0,687819.3,8039677.0,483215.0,2615050.0,5119654.0
2017-05-10,1662350.0,3486751.0,1653325.0,1493143.0,412536.0,7252134.0,785188.0,2190022.0,2109323.0,370558.0,915383.0,423410.0,271265.0,5724793.0,546005.0,4198759.0,234703.0,91146.0,466613.0,329711.0,1349640.0,934815.0,1755377.0,593684.7,11542098.0,620195.0,2031413.0,7108113.0
2017-05-11,2676850.0,4109349.0,822795.0,1459289.0,331117.0,8232899.0,608758.0,4162779.0,822418.0,297109.0,412518.0,935910.0,805971.0,4746254.0,619137.0,8113024.0,202688.0,91706.0,381893.0,236607.0,2013299.0,605410.0,1343927.0,313034.4,11092417.0,526548.0,1974059.0,4963940.0
2017-05-12,2214330.0,3379716.0,644044.0,1273919.0,213164.0,6357305.0,1317115.0,2281832.0,899100.0,832334.0,361263.0,344075.0,327776.0,4115930.0,573005.0,7898354.0,179598.0,113262.0,334635.0,278338.0,2021513.0,590943.0,1609315.0,363167.7,9323755.0,340940.0,1504540.0,4803985.0
2017-05-15,1918367.0,2383965.0,772495.0,2906177.0,272820.0,7145925.0,681553.0,1849911.0,983376.0,492527.0,883097.0,311882.0,248450.0,7601066.0,752370.0,9394591.0,239567.0,87528.0,282870.0,433825.0,2520078.0,615846.0,3210205.0,562748.55,11905585.0,464615.0,2762291.0,6575993.0
2017-05-16,2303792.0,3050592.0,1108636.0,4481194.0,224948.0,7346260.0,1338690.0,1570736.0,779141.0,468776.0,478179.0,470748.0,275590.0,4139353.0,827753.0,6210440.0,214186.0,99072.0,356860.0,511668.0,3868318.0,614096.0,2268378.0,1245736.8,13393885.0,379634.0,1799695.0,6867908.0
2017-05-17,2421005.0,3709849.0,936840.0,3597229.0,313625.0,11079255.0,1194422.0,2166221.0,1318060.0,933298.0,323774.0,301554.0,230436.0,6693225.0,979773.0,6668139.0,307594.0,204404.0,382517.0,496158.0,1767794.0,943179.0,3552260.0,1937452.65,20010491.0,353595.0,3053452.0,6380416.0
2017-05-18,2493890.0,2396771.0,981374.0,1489345.0,195148.0,14280716.0,818169.0,1715988.0,758551.0,930380.0,487600.0,302192.0,238854.0,5607629.0,833660.0,4489789.0,250398.0,189901.0,529061.0,228251.0,1089717.0,1244780.0,4158298.0,767019.75,20262419.0,497875.0,2749932.0,4279670.0
2017-05-19,1650690.0,2619390.0,1338643.0,1154006.0,388129.0,8025057.0,548006.0,1509776.0,644166.0,542868.0,522097.0,268404.0,180705.0,4649498.0,501859.0,3784158.0,264521.0,166774.0,458006.0,264338.0,992640.0,1250384.0,3719608.0,416005.8,23322866.0,436444.0,10081587.0,4419790.0
2017-05-22,1702364.0,3432047.0,1474972.0,1076413.0,241882.0,9690535.0,747831.0,935413.0,613296.0,247762.0,611609.0,197306.0,247397.0,4323417.0,1031333.0,3343425.0,252264.0,167755.0,550358.0,470620.0,1016001.0,1599118.0,2519608.0,345595.95,12596325.0,375132.0,4154378.0,2724854.0
2017-05-23,1180990.0,2949106.0,1446576.0,882505.0,380702.0,7812216.0,551391.0,1385284.0,523433.0,388444.0,307535.0,204947.0,145349.0,4311372.0,527787.0,6245833.0,214249.0,216046.0,467822.0,527178.0,1257182.0,874518.0,2123582.0,360985.8,8538786.0,274179.0,2638273.0,2243813.0
2017-05-24,1232506.0,3338172.0,1122182.0,836689.0,251037.0,13180245.0,641836.0,1295583.0,1109327.0,251965.0,1274210.0,120999.0,266720.0,5034445.0,577751.0,3571023.0,250798.0,149162.0,447425.0,495111.0,1165057.0,871859.0,1695122.0,451726.8,7565645.0,384878.0,3317340.0,1788697.0
2017-05-25,1130905.0,2324567.0,1201902.0,773390.0,314638.0,21230421.0,512251.0,1624064.0,754619.0,319167.0,681387.0,129780.0,281601.0,4880469.0,747620.0,3766635.0,182371.0,78202.0,437397.0,463435.0,631436.0,832864.0,1721677.0,387917.25,8662228.0,458227.0,2540209.0,2380756.0
2017-05-26,1003396.0,2400435.0,826847.0,540366.0,485996.0,14497652.0,1056387.0,800007.0,721092.0,493552.0,284264.0,97275.0,297029.0,7785585.0,985643.0,7673595.0,192609.0,86739.0,156923.0,292928.0,648340.0,852009.0,1601531.0,278267.85,6632014.0,561193.0,2107854.0,2628279.0
2017-05-30,1235499.0,3215092.0,779250.0,829053.0,258986.0,16418391.0,2190495.0,1381815.0,661966.0,511713.0,269927.0,119282.0,241171.0,7762609.0,582802.0,5308001.0,140356.0,104055.0,306357.0,439447.0,520728.0,900918.0,1541203.0,296772.0,6592746.0,490542.0,2554900.0,4714566.0
2017-05-31,2230766.0,4519755.0,1764868.0,941202.0,313748.0,12245690.0,1362113.0,2144959.0,769441.0,462228.0,572538.0,201750.0,325628.0,9928655.0,653435.0,6159537.0,228388.0,147004.0,741338.0,343589.0,817396.0,1506395.0,2930830.0,379534.05,13081176.0,789242.0,3222613.0,5365843.0
2017-06-01,2552622.0,2372191.0,970073.0,756721.0,391950.0,8331103.0,775160.0,2071510.0,1843131.0,544738.0,782227.0,158273.0,330779.0,7599980.0,1146791.0,3752936.0,182987.0,194789.0,589613.0,322230.0,1626720.0,828023.0,2394148.0,666366.75,7168234.0,1003521.0,2321485.0,2460769.0
2017-06-02,2317610.0,2639669.0,1469730.0,540874.0,289116.0,9258853.0,700200.0,1732948.0,855819.0,419317.0,365226.0,141890.0,371864.0,5582318.0,635863.0,18450093.0,205179.0,212749.0,343666.0,716042.0,1392839.0,748564.0,2882261.0,642254.55,9521280.0,572910.0,2214050.0,1592041.0
2017-06-05,1648053.0,2604974.0,1098942.0,364309.0,272455.0,8268063.0,539252.0,1450045.0,1478531.0,481256.0,354268.0,132051.0,375658.0,6761855.0,787122.0,8514142.0,220281.0,125099.0,278551.0,359380.0,1027618.0,622926.0,1847584.0,333683.7,6803606.0,452139.0,4008000.0,1662633.0
2017-06-06,1816144.0,2295347.0,776053.0,624577.0,270693.0,17613273.0,1084819.0,1147173.0,1380853.0,478572.0,655276.0,106499.0,356594.0,11026351.0,345321.0,4712931.0,168805.0,166459.0,279989.0,328861.0,1117598.0,888351.0,2159740.0,657968.85,7799148.0,355043.0,1513502.0,2503981.0
2017-06-07,1525770.0,3330688.0,685521.0,677156.0,264951.0,12448834.0,1202195.0,1165901.0,1705082.0,319346.0,489142.0,122808.0,319443.0,9397959.0,494008.0,6620790.0,230963.0,106331.0,550168.0,262212.0,835690.0,658854.0,1633783.0,382590.6,8026510.0,518945.0,2030080.0,2936920.0
2017-06-08,3072082.0,3286543.0,1678949.0,651229.0,187852.0,12238489.0,1583210.0,1126132.0,1052798.0,477198.0,613502.0,143193.0,419242.0,9017670.0,609927.0,2764516.0,475491.0,162104.0,447250.0,365068.0,1029162.0,1112215.0,2781934.0,495327.0,7915551.0,658102.0,2025102.0,1927921.0
2017-06-09,1980810.0,3063286.0,1194653.0,880623.0,307810.0,16224418.0,1785406.0,1013539.0,1000935.0,741791.0,583147.0,174104.0,657188.0,17243217.0,510446.0,4702323.0,408252.0,245665.0,414816.0,499622.0,1332168.0,1021383.0,4144891.0,880217.1,20472480.0,654787.0,3025564.0,3415896.0
2017-06-12,1922967.0,4718559.0,1657399.0,837056.0,213819.0,12527233.0,953901.0,1008824.0,1673440.0,1103133.0,1121098.0,134269.0,542745.0,10506640.0,613147.0,3581781.0,225934.0,206061.0,436794.0,334385.0,1023838.0,835896.0,6772294.0,620812.5,20593398.0,666639.0,5134010.0,2093045.0
2017-06-13,1825372.0,2997123.0,1002209.0,482415.0,190124.0,9018040.0,516430.0,1567132.0,810492.0,586771.0,692536.0,66653.0,348407.0,11752831.0,695570.0,4298918.0,235880.0,202114.0,455318.0,573446.0,648404.0,638549.0,2860088.0,417721.5,12305936.0,616156.0,2264964.0,1615830.0
2017-06-14,912651.0,3714984.0,1143799.0,482664.0,122127.0,8739897.0,705831.0,1310884.0,921807.0,307827.0,825871.0,103399.0,324070.0,12760496.0,463894.0,3247120.0,225512.0,210659.0,534511.0,444431.0,798398.0,828593.0,2830555.0,532271.25,10681421.0,585883.0,1971851.0,1910908.0
2017-06-15,1270732.0,3226913.0,1038209.0,493761.0,164270.0,8700612.0,590807.0,1417754.0,745693.0,561219.0,902703.0,102923.0,283890.0,10404801.0,409884.0,4182294.0,254827.0,196360.0,488238.0,513307.0,850392.0,617747.0,2800442.0,632602.95,11508979.0,449529.0,1752688.0,2156300.0
2017-06-16,2363449.0,4751576.0,1582595.0,603913.0,835092.0,14634823.0,919666.0,2682152.0,1022693.0,1637756.0,17603710.0,198214.0,599447.0,6331797.0,1026500.0,4823040.0,665016.0,300538.0,517034.0,1023822.0,1084033.0,1286241.0,4203894.0,1084894.65,10725699.0,578775.0,2565379.0,2282344.0
2017-06-19,1467942.0,3909182.0,1303352.0,527030.0,977195.0,10270004.0,701685.0,2014412.0,1005596.0,588673.0,857307.0,161119.0,250813.0,6398745.0,522833.0,3486449.0,305200.0,126852.0,298191.0,471423.0,909935.0,1060658.0,4328637.0,587571.6,9485411.0,377687.0,2436973.0,3395905.0
2017-06-20,1619498.0,2566782.0,1053608.0,372997.0,543162.0,16282793.0,883866.0,1994451.0,898874.0,354438.0,852959.0,95092.0,214647.0,7414339.0,342776.0,4852886.0,253075.0,157235.0,298032.0,262692.0,869677.0,933555.0,5312972.0,357717.15,8853686.0,348020.0,1953586.0,2957322.0
2017-06-21,1227496.0,3488902.0,1458170.0,590413.0,493858.0,14697335.0,870603.0,2128291.0,688702.0,286245.0,987742.0,72153.0,362776.0,4913158.0,369273.0,5967173.0,221006.0,206514.0,280313.0,256523.0,1092922.0,754417.0,8241983.0,363786.15,9407450.0,465037.0,2643683.0,1612013.0
2017-06-22,1080674.0,2906662.0,1253514.0,727192.0,197712.0,11064581.0,582840.0,1520794.0,665155.0,353272.0,446523.0,69502.0,353275.0,7508427.0,455885.0,7151600.0,155998.0,178030.0,250606.0,271182.0,1143893.0,665645.0,3684074.0,674739.45,7046061.0,413033.0,2327895.0,1967707.0
2017-06-23,1120336.0,6410818.0,1161183.0,654200.0,1080074.0,14051542.0,1306110.0,1536776.0,3416003.0,528831.0,2038029.0,351379.0,329046.0,6410410.0,1140805.0,7631797.0,311501.0,1135704.0,759179.0,1808675.0,3304348.0,1026729.0,3418721.0,603782.55,13946849.0,1195642.0,3666168.0,2231714.0
2017-06-26,1141240.0,2935982.0,702512.0,2311385.0,233075.0,14173491.0,572416.0,1422816.0,913539.0,483352.0,401950.0,155162.0,323150.0,6593660.0,401145.0,4377404.0,190590.0,344897.0,391175.0,275112.0,1016904.0,886843.0,2773860.0,501002.25,10888293.0,478556.0,1873404.0,2983537.0
2017-06-27,3242779.0,5463491.0,804614.0,803058.0,179699.0,8303860.0,696136.0,3329723.0,882933.0,510605.0,563228.0,114675.0,277428.0,6968292.0,706105.0,4799814.0,292557.0,342373.0,251596.0,403936.0,926915.0,739101.0,3015103.0,575667.75,12723158.0,511982.0,2269592.0,2028994.0
2017-06-28,1763998.0,3768134.0,700908.0,695667.0,184587.0,6153953.0,759172.0,1967953.0,1010457.0,400807.0,575971.0,94345.0,248661.0,6283737.0,632543.0,5068085.0,334239.0,637797.0,334802.0,284498.0,1121646.0,955740.0,2502356.0,378135.45,14306666.0,324173.0,1641491.0,2357771.0
2017-06-29,1480209.0,3833323.0,1269309.0,778875.0,112409.0,9017452.0,689545.0,1811290.0,855098.0,460988.0,598382.0,149573.0,176974.0,8195231.0,547397.0,3966085.0,236645.0,1229493.0,350528.0,303975.0,1311373.0,905051.0,2614785.0,633549.0,12214133.0,669123.0,2346526.0,2061104.0
2017-06-30,1602714.0,3027724.0,1081938.0,519121.0,105510.0,8935331.0,409975.0,1756882.0,750424.0,410914.0,1321660.0,171098.0,267883.0,5862922.0,525125.0,3906725.0,217417.0,581569.0,349798.0,193381.0,742393.0,1085599.0,2330954.0,566071.8,10031205.0,446604.0,1671044.0,4814100.0
2017-07-03,676846.0,3113203.0,487567.0,369076.0,148900.0,4312603.0,272536.0,550903.0,440822.0,348630.0,402527.0,77449.0,125868.0,6273542.0,190280.0,1403088.0,182425.0,150825.0,219391.0,184848.0,546059.0,462790.0,1785944.0,257746.65,6519489.0,223848.0,1454329.0,1531790.0
2017-07-05,1479484.0,4006771.0,1040930.0,515776.0,164317.0,13992229.0,850931.0,1516284.0,678292.0,475495.0,656626.0,109972.0,329068.0,16936358.0,527290.0,3564778.0,280980.0,314846.0,319878.0,453603.0,1859818.0,868007.0,2229458.0,866865.3,10918727.0,558857.0,2784157.0,2490500.0
2017-07-06,1166280.0,6221440.0,1180624.0,530543.0,164918.0,11774259.0,532899.0,857839.0,885923.0,333233.0,382341.0,75262.0,471737.0,19234817.0,679057.0,4185325.0,225803.0,323697.0,1054442.0,324609.0,1531228.0,764517.0,1788107.0,712842.9,11906801.0,425625.0,2600198.0,1902019.0
2017-07-07,1613098.0,3775650.0,1200958.0,389190.0,209331.0,8030284.0,658394.0,1542141.0,500966.0,263672.0,267632.0,69188.0,137289.0,14078928.0,473494.0,3254674.0,180507.0,143558.0,382762.0,199450.0,1010526.0,1165825.0,1471959.0,556767.75,10612129.0,637698.0,1666769.0,1726021.0
2017-07-10,1871749.0,3036349.0,831077.0,450054.0,175054.0,9802961.0,478481.0,1845102.0,599462.0,487833.0,426627.0,92146.0,342168.0,13733314.0,530658.0,2090699.0,318483.0,143172.0,391183.0,324395.0,1025625.0,1348114.0,1569045.0,504321.3,10354873.0,427243.0,1191787.0,2841520.0
2017-07-11,2122359.0,4244167.0,1005654.0,415912.0,115146.0,12027965.0,428209.0,1681021.0,790655.0,431849.0,309105.0,91970.0,445577.0,11473438.0,511614.0,2220279.0,410918.0,188473.0,322357.0,443113.0,1167823.0,915027.0,1620094.0,640573.5,13516655.0,499533.0,1460295.0,1565234.0
2017-07-12,1911867.0,4134442.0,1844988.0,492835.0,175503.0,10142784.0,346372.0,1566366.0,1130275.0,491027.0,333957.0,75638.0,201809.0,10311623.0,317139.0,2562743.0,276491.0,210260.0,312162.0,462343.0,3141899.0,811610.0,1810989.0,546004.2,10392962.0,414693.0,2621575.0,2124394.0
2017-07-13,1898773.0,5281163.0,1132501.0,615699.0,262932.0,9397027.0,653299.0,1440564.0,895845.0,251572.0,360876.0,88741.0,236142.0,8571180.0,512211.0,2873162.0,344520.0,113600.0,499085.0,223540.0,4099618.0,705408.0,1308175.0,534803.85,9029051.0,662882.0,1427981.0,1968806.0
2017-07-14,1957905.0,3966500.0,901770.0,582389.0,153522.0,8165714.0,353647.0,1307422.0,1085425.0,218698.0,325345.0,73494.0,173224.0,5607208.0,345582.0,1828080.0,208837.0,114586.0,405020.0,309003.0,1818717.0,881856.0,2283682.0,375086.25,7788641.0,409328.0,1480998.0,3861194.0
2017-07-17,1441309.0,3453578.0,702789.0,321696.0,217199.0,9070599.0,1011817.0,1169455.0,759797.0,295292.0,385369.0,71645.0,93590.0,9817054.0,423872.0,2387652.0,492468.0,215487.0,508680.0,263949.0,943324.0,1311365.0,1310363.0,680089.2,7656567.0,420716.0,1180729.0,2512926.0
2017-07-18,1289209.0,3051100.0,922502.0,610312.0,107408.0,5425086.0,897302.0,1280014.0,652014.0,355965.0,294938.0,44433.0,194563.0,6355760.0,830792.0,2498194.0,458374.0,122620.0,475902.0,222215.0,1510939.0,1806893.0,1820785.0,420160.65,6553271.0,747931.0,866009.0,2295172.0
2017-07-19,1386195.0,4494072.0,730382.0,379948.0,130397.0,10790669.0,1349699.0,1149068.0,981247.0,333146.0,340876.0,104903.0,123635.0,6337565.0,591593.0,2207275.0,355793.0,130584.0,427665.0,421412.0,1398315.0,1139660.0,1798087.0,438934.65,9039908.0,416425.0,2041025.0,2008974.0
2017-07-20,1379636.0,4745782.0,995198.0,446154.0,168803.0,11034282.0,1012043.0,893691.0,569691.0,401801.0,251214.0,45861.0,161940.0,5137474.0,378500.0,2602776.0,454864.0,1384070.0,232249.0,320560.0,2483856.0,1146419.0,1562546.0,309976.8,8342189.0,423681.0,1260622.0,1755764.0
2017-07-21,1733401.0,2453423.0,1158620.0,535220.0,660817.0,9235667.0,918894.0,1528015.0,370019.0,308747.0,259224.0,123691.0,106982.0,4852678.0,547615.0,1932471.0,291263.0,535134.0,357604.0,325145.0,912890.0,1230061.0,1819520.0,745145.1,7535952.0,483558.0,1116428.0,1777611.0
2017-07-24,2066210.0,2244773.0,869450.0,359219.0,212225.0,8143841.0,551591.0,1005029.0,572409.0,507739.0,333012.0,55990.0,198430.0,8594187.0,684346.0,2579928.0,307419.0,482862.0,313107.0,488457.0,1765083.0,768282.0,1460165.0,341960.85,8275876.0,378275.0,1090238.0,1300293.0
2017-07-25,1706759.0,3405271.0,959734.0,479196.0,1776563.0,9247255.0,473297.0,1272940.0,686291.0,504497.0,239974.0,73693.0,317117.0,6974533.0,2340308.0,2872295.0,435765.0,396607.0,448538.0,717861.0,1211863.0,800532.0,1558134.0,332043.6,7257224.0,834602.0,1340125.0,2335652.0
2017-07-26,1788263.0,3450979.0,1107814.0,480505.0,1053924.0,8017972.0,394038.0,1347492.0,586361.0,292477.0,241322.0,81936.0,123377.0,4808691.0,1262941.0,1922892.0,481955.0,579441.0,421386.0,539528.0,1322869.0,882409.0,1309637.0,307493.55,8928137.0,639124.0,1891155.0,2643293.0
2017-07-27,1551070.0,2044059.0,1463084.0,520953.0,373866.0,9558886.0,625744.0,967474.0,417204.0,498531.0,409206.0,62968.0,218069.0,8275014.0,583693.0,3370842.0,572091.0,498684.0,770286.0,474364.0,3002202.0,1090836.0,3057877.0,383987.1,17021986.0,1430114.0,2362448.0,4349605.0
2017-07-28,1310086.0,2851126.0,1917288.0,260156.0,307252.0,5853122.0,527010.0,849719.0,574486.0,475584.0,259964.0,74858.0,178939.0,4865638.0,472763.0,2028602.0,742903.0,1008072.0,601464.0,736029.0,1517034.0,1085784.0,1386044.0,2966542.95,9554963.0,583086.0,940811.0,1261399.0
2017-07-31,2011819.0,2137320.0,1455661.0,378899.0,251775.0,12771589.0,430858.0,703629.0,550374.0,1483367.0,465955.0,98445.0,246833.0,8517690.0,527374.0,6547903.0,464880.0,565733.0,358666.0,512015.0,2260606.0,1143239.0,2182117.0,1111007.1,11091759.0,391262.0,1397677.0,1743770.0
2017-08-01,2473280.0,1939122.0,1180503.0,346071.0,280750.0,6481383.0,1072053.0,2417509.0,1467217.0,1686754.0,682874.0,74734.0,229109.0,8276698.0,1108081.0,2768225.0,636565.0,250545.0,380952.0,647695.0,2160502.0,1037245.0,1568117.0,612459.75,9339782.0,461988.0,1314076.0,1998298.0
2017-08-02,2681581.0,2962762.0,1239305.0,373273.0,366218.0,10779771.0,1748196.0,1743277.0,8096170.0,609980.0,678703.0,126618.0,369483.0,11086545.0,569832.0,3154091.0,308279.0,195677.0,381510.0,429993.0,2558068.0,983723.0,2107602.0,560725.2,15366082.0,512296.0,1757103.0,3038027.0
2017-08-03,2785489.0,2884639.0,761066.0,968385.0,323096.0,14624473.0,1103172.0,1481390.0,3121981.0,758652.0,1215951.0,157611.0,413263.0,13519409.0,488206.0,2653728.0,286821.0,260371.0,207487.0,251214.0,2036642.0,982346.0,1461586.0,687151.5,11457538.0,449560.0,2255620.0,13299775.0
2017-08-04,1441610.0,2287400.0,638405.0,347190.0,2375927.0,9122513.0,676398.0,1139629.0,1836295.0,696053.0,515010.0,105859.0,257593.0,9211182.0,337909.0,3251569.0,403870.0,201925.0,412945.0,2239832.0,1698086.0,786124.0,1503479.0,1306725.0,7508692.0,2165869.0,1490923.0,4125374.0
2017-08-07,1640225.0,4919803.0,674943.0,880529.0,693009.0,9191736.0,561428.0,1203210.0,1253451.0,545413.0,317231.0,205687.0,220890.0,6303754.0,541947.0,3025593.0,604310.0,176104.0,410495.0,907714.0,807533.0,768631.0,1455624.0,704608.8,7744061.0,787044.0,1493121.0,3908747.0
2017-08-08,1468391.0,8781062.0,644974.0,1426452.0,761730.0,11558228.0,654624.0,1693398.0,1190399.0,445346.0,267163.0,226609.0,240955.0,7428537.0,406043.0,3316813.0,647351.0,230087.0,404475.0,558388.0,1551015.0,1008205.0,1506957.0,1109774.4,9380571.0,862080.0,1223293.0,3290691.0
2017-08-09,1702977.0,3729117.0,1028097.0,1304387.0,289459.0,7807705.0,705911.0,1673011.0,1141428.0,245807.0,300363.0,152838.0,323917.0,6873475.0,598681.0,2257751.0,257455.0,238006.0,430851.0,1003224.0,1852423.0,1728678.0,1173673.0,1168687.8,5609813.0,682336.0,1152146.0,3707265.0
2017-08-10,2307679.0,3515585.0,765620.0,1290416.0,236392.0,13270868.0,1513155.0,1829751.0,880514.0,515705.0,396071.0,693164.0,231116.0,7052160.0,596566.0,19234808.0,333725.0,362033.0,253345.0,546137.0,2218145.0,1306998.0,1867991.0,734312.25,11163966.0,711228.0,1843587.0,4416149.0
2017-08-11,1482882.0,2938653.0,847630.0,728205.0,172962.0,6609939.0,1142613.0,3380944.0,1976177.0,458901.0,324084.0,401345.0,215057.0,4352071.0,424798.0,15818939.0,473828.0,378213.0,374580.0,759157.0,1497171.0,986772.0,1382874.0,690244.8,10745045.0,456933.0,1461174.0,1820321.0
2017-08-14,990489.0,2129460.0,1104546.0,462377.0,226519.0,7615726.0,753137.0,1638841.0,1799545.0,380793.0,267277.0,387984.0,366436.0,4506223.0,347778.0,8225373.0,211426.0,717116.0,268275.0,691190.0,957708.0,1202834.0,1171639.0,438464.25,9731912.0,529993.0,1637895.0,1590790.0
2017-08-15,1044694.0,1826553.0,1429357.0,740969.0,205595.0,9244968.0,526011.0,1454137.0,1663960.0,218334.0,299290.0,274976.0,188031.0,3062973.0,470473.0,5597315.0,148002.0,535994.0,398595.0,489526.0,1355879.0,1019034.0,1143719.0,405800.85,6237446.0,449358.0,1263175.0,3189104.0
2017-08-16,1225953.0,4295678.0,876022.0,559731.0,225427.0,9583136.0,768906.0,1660537.0,655486.0,285945.0,461894.0,216298.0,190364.0,3405277.0,522473.0,4210022.0,171595.0,223843.0,345339.0,416904.0,1519991.0,1033035.0,1454958.0,328344.45,8470285.0,566262.0,1320064.0,1913966.0
2017-08-17,1902174.0,3295548.0,709412.0,973873.0,153816.0,9136068.0,591822.0,1513993.0,1139298.0,502566.0,324631.0,323343.0,189388.0,5000926.0,228289.0,2947642.0,307494.0,523215.0,391904.0,400835.0,1055135.0,1046791.0,2074563.0,397997.25,13717841.0,615509.0,1718405.0,3228229.0
2017-08-18,1565475.0,2114081.0,1657590.0,637784.0,164158.0,11686871.0,2280312.0,1753701.0,840032.0,734054.0,283979.0,365072.0,183373.0,5368548.0,305703.0,3899072.0,256650.0,585059.0,532481.0,803893.0,1036099.0,1204671.0,1695295.0,540261.75,20978851.0,557656.0,1164380.0,1877953.0
2017-08-21,872503.0,2334799.0,1070233.0,689274.0,276863.0,6913952.0,843738.0,1176432.0,834014.0,319620.0,306118.0,231800.0,164431.0,6485800.0,410777.0,2925300.0,215658.0,702458.0,218795.0,758148.0,1234127.0,941274.0,1243302.0,453486.6,13589967.0,484769.0,1274163.0,2333240.0
2017-08-22,958532.0,3867097.0,1491288.0,410947.0,124285.0,8428087.0,925573.0,935270.0,562226.0,168505.0,333018.0,213983.0,209148.0,4298211.0,379340.0,2352956.0,419468.0,352800.0,348498.0,1409329.0,1625086.0,958189.0,1946995.0,613690.35,8655605.0,433186.0,1708542.0,1243112.0
2017-08-23,830567.0,4823440.0,4311186.0,377002.0,107331.0,9528462.0,647944.0,1322565.0,648909.0,238634.0,453443.0,251452.0,187448.0,4939919.0,711340.0,2334975.0,461623.0,565436.0,466065.0,617185.0,1091563.0,696572.0,1352727.0,322219.8,8480206.0,332616.0,1635033.0,1112850.0
2017-08-24,1269023.0,3105043.0,1334331.0,400161.0,93275.0,27355719.0,525106.0,1187936.0,506781.0,676115.0,253709.0,211683.0,129151.0,4569677.0,315111.0,2828242.0,304834.0,345757.0,332067.0,516643.0,985894.0,574442.0,1448946.0,326259.15,9244288.0,332438.0,3085416.0,1418672.0
2017-08-25,855875.0,2729942.0,1397244.0,285757.0,97782.0,13460864.0,462825.0,962181.0,1201578.0,1362162.0,192424.0,75251.0,142474.0,3470450.0,237654.0,2180886.0,201664.0,389188.0,426287.0,517129.0,750381.0,569421.0,1182282.0,359260.65,6383980.0,412064.0,7115356.0,1223838.0
2017-08-28,972661.0,2678804.0,1190610.0,248433.0,167536.0,13043004.0,422664.0,1926602.0,911681.0,335587.0,205857.0,79179.0,166563.0,3739282.0,484623.0,3804949.0,273830.0,335843.0,504678.0,870767.0,769563.0,817344.0,952256.0,252393.75,5537589.0,320740.0,3616568.0,1341682.0
2017-08-29,873823.0,3982049.0,786037.0,563224.0,143241.0,9549171.0,775645.0,1454928.0,880756.0,299902.0,352110.0,93419.0,243539.0,4068222.0,270689.0,1953453.0,222347.0,255245.0,1001783.0,629941.0,704255.0,1276112.0,1187936.0,308832.3,6702212.0,363199.0,1858581.0,1378957.0
2017-08-30,809250.0,5537599.0,790030.0,372814.0,156413.0,7959681.0,343072.0,756448.0,745564.0,380722.0,247399.0,103428.0,251973.0,3403950.0,317779.0,2342104.0,584632.0,353172.0,389894.0,713653.0,1079751.0,1272002.0,1465862.0,351268.05,8754799.0,342607.0,1458859.0,1097318.0
2017-08-31,1688912.0,4181440.0,1305884.0,311171.0,164429.0,10417716.0,1033198.0,1669576.0,949763.0,323245.0,466210.0,149131.0,224583.0,4061883.0,489872.0,2793159.0,466462.0,273613.0,792556.0,811547.0,1231388.0,981396.0,1887526.0,631258.95,8853698.0,655471.0,1466729.0,2024325.0
2017-09-01,1054439.0,3375975.0,932343.0,314969.0,137472.0,7550930.0,707564.0,1800237.0,499922.0,261724.0,393272.0,76359.0,202121.0,3039815.0,273628.0,2403678.0,292773.0,150841.0,505059.0,614733.0,711786.0,1188046.0,1321338.0,423207.75,5307511.0,508569.0,1566351.0,1704566.0
2017-09-05,1304522.0,5223091.0,1642638.0,364225.0,146490.0,12084098.0,764099.0,1719401.0,922015.0,540662.0,371529.0,271089.0,292284.0,3835495.0,434149.0,20123325.0,967891.0,272334.0,968410.0,1087348.0,1502305.0,1387768.0,1274153.0,422522.1,9199247.0,526280.0,3092938.0,2470286.0
2017-09-06,1320251.0,3419529.0,1066690.0,261275.0,134341.0,11645066.0,1214257.0,1000692.0,1178619.0,534691.0,372333.0,113042.0,443973.0,4081121.0,332511.0,6442305.0,447992.0,301706.0,1664683.0,745953.0,979603.0,1217304.0,1218443.0,1172106.6,12108427.0,695913.0,2338748.0,1706954.0
2017-09-07,1301889.0,3326446.0,746778.0,317018.0,94982.0,5716398.0,861298.0,897843.0,920167.0,256445.0,281017.0,139589.0,264541.0,4232711.0,408422.0,4196079.0,504745.0,367448.0,1491682.0,817660.0,673201.0,923323.0,1443815.0,417495.75,8285742.0,915749.0,1730892.0,1555857.0
2017-09-08,1256753.0,7296367.0,863772.0,306534.0,149897.0,6496387.0,603207.0,1006593.0,904031.0,365310.0,237385.0,68121.0,185089.0,3258812.0,544059.0,10797536.0,412178.0,382347.0,1375895.0,677385.0,999596.0,1161613.0,1444623.0,513499.35,8117436.0,2279193.0,2656502.0,1057295.0
2017-09-11,1369112.0,4173996.0,1025903.0,367925.0,111044.0,7239817.0,1075680.0,1044914.0,1247516.0,341219.0,448440.0,310213.0,278853.0,7645353.0,482308.0,8888024.0,386944.0,196090.0,1420595.0,766520.0,933360.0,901967.0,1683292.0,564401.25,8828445.0,696959.0,2283692.0,1192090.0
2017-09-12,1419037.0,4826786.0,796225.0,535006.0,87212.0,7430898.0,900967.0,1119650.0,1184736.0,772516.0,447866.0,172299.0,271521.0,5961947.0,337196.0,4521010.0,613539.0,570890.0,766314.0,739962.0,985934.0,640775.0,1763270.0,369453.0,7233758.0,476848.0,1599756.0,1545068.0
2017-09-13,1097148.0,3368251.0,1420330.0,346795.0,103448.0,7964603.0,936342.0,1370578.0,1315433.0,500430.0,335864.0,154403.0,197077.0,4170065.0,310165.0,5369439.0,523716.0,356897.0,717517.0,775772.0,917602.0,1141097.0,1361378.0,425343.45,7488590.0,456296.0,1449938.0,1757374.0
2017-09-14,1819421.0,4450462.0,1570429.0,451496.0,73993.0,9665550.0,789644.0,3463492.0,1909352.0,476270.0,560424.0,160876.0,500711.0,7155935.0,207873.0,4223533.0,271525.0,428227.0,662455.0,720994.0,1094228.0,1505965.0,1668419.0,649276.95,12325832.0,348965.0,1649648.0,1912543.0
2017-09-15,2172095.0,5394357.0,3140920.0,554715.0,365545.0,12790686.0,1351693.0,2590502.0,1424727.0,1982008.0,1769615.0,324743.0,402868.0,5392690.0,653618.0,5832337.0,636160.0,537117.0,949075.0,1116848.0,1615947.0,2025694.0,2966776.0,1354258.5,13858579.0,842960.0,6228957.0,2975026.0
2017-09-18,1363037.0,3224782.0,810761.0,333606.0,219991.0,6414807.0,1818723.0,1482890.0,904630.0,685936.0,636585.0,179545.0,7339602.0,7168058.0,438015.0,3047224.0,334203.0,722752.0,519728.0,2211222.0,1336364.0,1005470.0,2467168.0,886341.75,11102096.0,415646.0,2026384.0,1862773.0
2017-09-19,1439081.0,4854388.0,818150.0,250372.0,186980.0,5527704.0,952983.0,1036716.0,561904.0,304484.0,820086.0,152184.0,2871574.0,6432309.0,675041.0,1967279.0,340451.0,358827.0,786003.0,936214.0,2208448.0,1364983.0,3850015.0,1007228.0,9347460.0,470837.0,1947170.0,1131480.0
2017-09-20,1139521.0,5853035.0,655503.0,517339.0,145093.0,7007714.0,687668.0,1069562.0,719666.0,278397.0,743524.0,244435.0,1735021.0,4904913.0,499967.0,2171604.0,605197.0,322724.0,712343.0,1603121.0,1242320.0,1264999.0,9180181.0,506230.0,10987435.0,469535.0,1783172.0,1301690.0
2017-09-21,1042938.0,3695461.0,826862.0,302901.0,114396.0,7538251.0,422165.0,1094801.0,541105.0,330473.0,673377.0,136043.0,988083.0,4607785.0,405526.0,4066689.0,348813.0,317905.0,395986.0,1126376.0,1398996.0,860309.0,4874548.0,460988.0,8403729.0,653423.0,1154472.0,1618903.0
2017-09-22,1349958.0,3224564.0,705705.0,210089.0,154096.0,6778176.0,579764.0,888151.0,518864.0,355934.0,504609.0,116592.0,908483.0,8127434.0,568016.0,5166584.0,285376.0,418216.0,494853.0,3161312.0,1595941.0,1018453.0,2927781.0,511028.0,5866784.0,372309.0,1084691.0,1286850.0
